# battery log (hourly, NVS)
n,utc_epoch,local,batt_mV,temp_c
1,1791283259,2026-10-06 11:40:59,4174,23.65
2,1791286915,2026-10-06 12:41:55,4076,23.45
3,1791290565,2026-10-06 13:42:45,4072,24.28
4,1791294186,2026-10-06 14:43:06,4067,24.51
5,1791297789,2026-10-06 15:43:09,4064,24.90
6,1791301417,2026-10-06 16:43:37,4060,25.08
7,1791305088,2026-10-06 17:44:48,4058,26.64
8,1791308692,2026-10-06 18:44:52,4064,25.98
9,1791312413,2026-10-06 19:46:53,4058,25.15
10,1791316041,2026-10-06 20:47:21,4061,25.08
11,1791319641,2026-10-06 21:47:21,4054,24.30
12,1791323265,2026-10-06 22:47:45,4058,23.66
13,1791326868,2026-10-06 23:47:48,4056,22.92
14,1791330496,2026-10-07 00:48:16,4052,22.46
15,1791334232,2026-10-07 01:50:32,4054,22.09
16,1791337967,2026-10-07 02:52:47,4044,21.82
17,1791341723,2026-10-07 03:55:23,4054,21.67
18,1791345453,2026-10-07 04:57:33,4044,21.52
19,1791349185,2026-10-07 05:59:45,4040,21.36
20,1791352922,2026-10-07 07:02:02,4044,21.20
21,1791356555,2026-10-07 08:02:35,4046,21.11
22,1791360232,2026-10-07 09:03:52,4035,21.36
23,1791363862,2026-10-07 10:04:22,4038,22.26
# wakes 662, refreshes 136, last wake awake 58354 ms
# timer arm retries 0, fallbacks to deep sleep 0, power-off failures 0
