n,utc_epoch,local,temp_c,rh,refresh_busy_ms,display_total_ms,why
1,1791045542,2026-10-03 17:39:02,23.49,53.5,14416,16142,B
2,1791045738,2026-10-03 17:42:18,22.94,52.1,14408,16133,E
3,1791045874,2026-10-03 17:44:34,19.25,52.9,14394,16123,E
4,1791046010,2026-10-03 17:46:50,16.60,53.9,14384,16115,E
5,1791046146,2026-10-03 17:49:06,14.81,54.3,14378,16106,E
6,1791046283,2026-10-03 17:51:23,13.50,54.7,14377,16106,E
7,1791046419,2026-10-03 17:53:39,12.44,55.0,14375,16106,E
8,1791046555,2026-10-03 17:55:55,11.50,55.1,14372,16096,E
9,1791046691,2026-10-03 17:58:11,10.70,55.3,14371,16097,E
10,1791046827,2026-10-03 18:00:27,10.03,55.4,14369,16097,E
11,1791046963,2026-10-03 18:02:43,9.48,55.6,14370,16096,E
12,1791047120,2026-10-03 18:05:20,8.94,55.6,14367,16097,E
13,1791047356,2026-10-03 18:09:16,8.43,55.4,14367,16097,E
14,1791047642,2026-10-03 18:14:02,9.33,58.1,14373,16106,E
15,1791047778,2026-10-03 18:16:18,13.64,56.2,14384,16115,E
16,1791047915,2026-10-03 18:18:35,15.78,54.3,14391,16124,E
17,1791048051,2026-10-03 18:20:51,17.39,53.8,14398,16124,E
18,1791048187,2026-10-03 18:23:07,18.41,53.6,14398,16123,E
19,1791048323,2026-10-03 18:25:23,19.07,53.8,14402,16133,E
20,1791048459,2026-10-03 18:27:39,19.58,54.0,14404,16132,E
21,1791048636,2026-10-03 18:30:36,20.08,54.3,14403,16133,E
22,1791048772,2026-10-03 18:32:52,21.14,56.9,14408,16133,E
